url,title,author,score,total_score
/designs/born-to-fight-3,Born to fight,Gresex,1.75,8
/designs/1our-anniversary,1our anniversary,Gresex,1,9
/designs/til-i-find-home-alternative,'Til I Find Home (Alternative),Abraz,2.48,25
/designs/lady-in-pink-4,lady in pink,Haltobreni,1.75,8
/designs/dead-samurai-skull-in-flames,Dead Samurai Skull In Flames,nicepunk,3.78,37
/designs/looking-into-the-void,looking into the void,Haltobreni,1.25,8
/designs/interested,interested,Haltobreni,1.25,8
/designs/dreamy-look,dreamy look,Haltobreni,1.75,8
/designs/outbones,OUTBONES,leonykabathara,2.52,23
/designs/los-muertos-8,Los muertos,vermilione,2.42,19
/designs/skull-heart-symbiosis,Skull Heart Symbiosis,nicepunk,3.2,30
/designs/old-gothic-bones,Old Gothic Bones,neni_art__,1.7,10
/designs/fruity-6,Fruity,BedlamBones,1.78,9
/designs/minimalist-for-concept-land,Minimalist for Concept Land,markyartshop,1.36,11
/designs/apple-basket,Apple basket,oblaka-pics,1.25,8
/designs/run-free-3,Run Free,DeadGalaxyMGP,3.24,41
/designs/xtreme-apparels-wears-brand-logo-set,Xtreme Apparels & Wears Brand Logo Set,markyartshop,1.1,10
/designs/blue-skull-sticker,Blue Skull Sticker,Blueskull,2.06,18
/designs/terrarium-life,Terrarium life,MarsCG,3.4,40
/designs/view-from-far-city,View from far city,markyartshop,1.67,9
/designs/run-free-2,Run Free,DeadGalaxyMGP,1.86,14
/designs/artworks-to-live,artworks to live,Die_at13,3.09,35
/designs/legend-24,Legend,Niranjan12,1,9
/designs/tom-waits-icon-premium-t-shirt,Tom Waits icon Premium T-Shirt,Caterpill,2.05,20
/designs/im-so-special-2,I'm so special,Jinvros,1.8,10
/designs/on-your-mark-g-3,on your mark G,Jinvros,1.73,11
/designs/on-your-mark-g-2,on your mark G,Jinvros,1.73,11
/designs/on-your-mark-g,on your mark G,Jinvros,1.73,11
/designs/into-the-shrooms,Into the shrooms,mckirbzx,2.11,9
/designs/remain-in-ones-memory-flower,remain in one's memory flower,Jinvros,1.8,10
/designs/queen-of-death-4,Queen of Death,neni_art__,2.79,24
/designs/remain-in-ones-memory,remain in one's memory,Jinvros,1.8,10
/designs/sphinx-and-skull,sphinx and skull,Die_at13,2.89,36
/designs/keep-your-mind-2,Keep your mind,Jinvros,1.92,12
/designs/keep-your-mind,Keep your mind,Jinvros,2,11
/designs/charming-vintage,Charming Vintage,loonylunaART,2.06,17
/designs/the-forest-nymph,The Forest Nymph,mani1991,3,18
/designs/queen-of-death-3,Queen of death,neni_art__,2.53,17
/designs/country-life-3,Country life.,VintageStudio,1.22,9
/designs/good-energy-2,Good Energy,Silverblue73,2.94,16
/designs/cheesy-6,Cheesy,Artthree,1.22,9
/designs/cottage-core-tea,Cottage Core Tea,Silverblue73,2.53,19
/designs/country-life-2,Country life.,VintageStudio,1,7
/designs/scarry-night,scarry night,ndough,1.4,10
/designs/bushcraft-3,Bushcraft,Oneredfox,1.44,9
/designs/old-bones-cocktail-lounge,Old Bones Cocktail Lounge,miserlu,2,13
/designs/cassette-tape-and-countryside,cassette tape and countryside,Die_at13,2.89,37
/designs/cottage-core-jar,Cottage Core Jar,Silverblue73,2.56,16
/designs/cheeky-princess,Cheeky Princess,loonylunaART,1.44,9
/designs/waiting-for-the-end,Waiting For The End,AngryAsh,1.7,10
/designs/come-here-3,Come Here,createeworld,2,11
/designs/three-rex-meteor,Three Rex meteor,kooky love,3.23,35
/designs/fried-egg-ufo-crewneck-design,Fried Egg Ufo Crewneck Design,G_Ghanss,1,7
/designs/french-cottage,French cottage,Sunny2021,1.45,11
/designs/i-graduated-can-i-go-back-to-bed-now,I Graduated Can I Go Back To Bed Now,Prsagar,1,7
/designs/sassy-sue,Sassy Sue,artjenesis,2.65,20
/designs/jeep-life-2,Jeep life,gamerzink357,1.5,8
/designs/jeep-life,Jeep life,gamerzink357,1,7
/designs/white-trippy-viking-helmet-in-smears,White Trippy Viking Helmet In Smears,CrazyCollective,2.55,22
/designs/sue-the-badass-theropod,Sue - The Badass Theropod,Dinogal37,1.64,11
/designs/anatomy-of-a-murderbird,Anatomy of a Murderbird,HenrySharpe,2.69,26
/designs/your-move-4,"""YOUR MOVE""",M3medici,1.85,13
/designs/fmnh-pr-2081-2,FMNH PR 2081,TheFactorie,3.16,25
/designs/chicago-flag-evolution-of-sue-2,Chicago Flag Evolution of SUE,ProfessorPie212,2.84,25
/designs/the-theropod-revolution,The Theropod Revolution,strangebirdart,2.87,23
/designs/chicago-flag-evolution-of-sue,Chicago Flag Evolution of SUE,ProfessorPie212,1.75,8
/designs/sue-loves-ham,SUE Loves Ham,ProfessorPie212,3.08,37
/designs/field-museum-sue-line-art-2,Field Museum SUE Line Art,ProfessorPie212,3.71,63
/designs/field-museum-sue-line-art,Field Museum SUE Line Art,ProfessorPie212,1.67,9
/designs/aurora-16,Aurora,loonylunaART,1.5,8
/designs/riders-6,RIDERS,EGIRIADI,1.87,15
/designs/on-line-2,On Line,kooky love,2.65,20
/designs/cat-and-bird-nonono,"Cat and Bird, No,no,no...",Vaniadial,1.56,9
/designs/legendary-sue,Legendary Sue,jmcrowell,1.94,17
/designs/interesting-tell-me-more,"Interesting, tell me more!",artecco,1.5,8
/designs/primal-sue-by-rodolfo-lopez,Primal Sue! by Rodolfo Lopez,Rodolfolopezart,2.97,32
/designs/ace-tree-of-life-asexual-flag,Ace Tree of Life | Asexual Flag,MyRainbowFlag,1.63,8
/designs/fairy-dancers,Fairy dancers,HOLOM,1.63,8
/designs/im-out-10,I'm Out,bewarethevipers,3,19
/designs/hello-my-name-is-sue-2,Hello My Name is Sue,lspeyer,2.71,17
/designs/mermaid-skeleton-3,Mermaid Skeleton,beramsey,1.18,11
/designs/animales-3,Animales,infantasanber,1.5,8
/designs/yogasaurus-rex,Yogasaurus Rex,doriography,1.75,12
/designs/can-you-hear-me-12,Can you hear me?,markyartshop,2.09,11
/designs/let-me-rest-long-dude,Let Me Rest Long Dude,Surrealmist,2.76,29
/designs/japan-culture-2,Japan Culture,789Design,2.36,14
/designs/japan-culture,Japan Culture,789Design,1.63,8
/designs/woman-in-jar-jail-womens-rights,woman in jar jail - women's Rights,AdilAdi,1.92,13
/designs/proposal-4,Proposal,Uday-kala,1.78,9
/designs/proposal-3,Proposal,Uday-kala,1.18,11
/designs/suepreme-chicago,SUEpreme Chicago,NillyOh,2.62,21
/designs/sue-skull-bite-red,Sue Skull Bite (red),NoahPearson,2.14,14
/designs/sue-skull-bite,Sue Skull Bite,NoahPearson,2.5,18
/designs/cuteforkids-mako-shark-branded,CuteForKids - Mako Shark (Branded),VirtualSG,1.63,8
/designs/sue-skull-red,Sue Skull (red),NoahPearson,1.57,7
/designs/sue-skull,Sue Skull,NoahPearson,1.86,14
/designs/great-explosion-murder-god-dynamight,Great Explosion Murder God Dynamight,Dahrkmezalf,1.57,7
/designs/ancient-resident-2,ANCIENT RESIDENT,maryaa,2.12,17
/designs/sue-14,Sue,C_Gerisch,2.83,29
/designs/the-all-mighty-prodigy,The All-mighty Prodigy,Dahrkmezalf,2,7
/designs/safe-me-im-not-your-breakfast-sue,Safe me!! I'm not your breakfast SUE!!,Sunny2021,2.5,14
/designs/ancient-resident,ANCIENT RESIDENT,maryaa,2.13,16
/designs/who-let-the-dog-out-5,Who let the dog out,Sunny2021,2.14,22
/designs/jelly-mushroom,Jelly Mushroom,Artthree,3.09,23
/designs/bonetiful-detail-2,Bonetiful detail,Sunny2021,2,18
/designs/bonetiful-detail,Bonetiful detail,Sunny2021,2.29,17
/designs/skeleton-flowting-on-space,Skeleton Flowting on Space,tobefonseca,2.95,22
/designs/crow-astronaut,Crow Astronaut,tobefonseca,3.31,16
/designs/religious-tolerance-definition-2,Religious Tolerance Definition,PammyB,1.9,10
/designs/viking-skull-5,Viking skull,Gresex,1.77,13
/designs/dangerous-smile-2,DANGEROUS SMILE,AnirbanSarkar,1.93,14
/designs/mama-cat-serving-tea-and-cupcakes,Mama Cat Serving Tea And Cupcakes,nicepunk,3.11,27
/designs/religious-tolerance-definition,Religious Tolerance Definition,PammyB,1,8
/designs/tribal-lion-7,Tribal Lion,JonzShop,1.5,10
/designs/skull-cartoon,Skull Cartoon,JonzShop,2.28,18
/designs/david-abstract,David Abstract,JonzShop,2.62,13
/designs/id-rather-date-myself,I'd Rather Date Myself,JonzShop,2.2,10
/designs/cute-animals,Cute Animals,JonzShop,2,9
/designs/sue-lives,Sue Lives...,Abraz,2.57,21
/designs/old-but-gold-10,OLD BUT GOLD,kooky love,3.1,40
/designs/golden-egyptian-skull-2,Golden Egyptian Skull,YourWayShirts,2.63,19
/designs/our-theydy-of-the-cretaceous,Our Theydy of the Cretaceous,WormyOrchids,2.56,16
/designs/religious-tolerance-definition-quotes-on-strength,Religious Tolerance Definition - Quotes on Strength,PammyB,1.44,9
/designs/beetles-and-ants-vintage-style,Beetles and ants vintage style,andrealeonelli,1.8,10
/designs/skull-candy-10,Skull Candy,anwarrafiee,2.63,19
/designs/woman-28,Woman,Mahakmitra,1.29,14
/designs/vegan-leafy-shop-logo,Vegan Leafy Shop Logo,markyartshop,2,12
/designs/home-sweet-home-with-cats-and-books,Home Sweet Home With Cats And Books,nicepunk,2.65,26
/designs/cringe-benefits,Cringe Benefits,DRO72,3.21,14
/designs/love-in-death-4,Love in Death,EggCoop,2,14
/designs/circus-girl-2,Circus girl,de-creartique,1.57,7
/designs/slow-and-steady-9,Slow and Steady,footsawtees,2.74,27
/designs/cottage-core-3,COTTAGE CORE,vermilione,2.18,17
/designs/today-is-the-lucky-day-today-is-the-lucky-day,Today is the Lucky day ? today is the lucky day !,Jinvros,1.57,7
/designs/red-ladybug,Red Ladybug,Jinvros,1.44,9
/designs/pumpkin-with-garden-flowers,Pumpkin With Garden Flowers,nicepunk,2.12,17
/designs/take-time-for-the-little-things,Take time for the little things,thebluebanana,1.75,12
/designs/sunshine-in-a-cup-2,Sunshine in a cup,WeirdPeople,2,19
/designs/find-a-hapy-place,Find a Hapy Place,Audygo,2.61,28
/designs/dont-be-a-cuntasaurus-rex,Don't be a Cuntasaurus Rex,hungcu89nd,2.13,15
/designs/pug-loves-pancakes,Pug Loves Pancakes,kimprut,1.13,8
/designs/country-living,Country living,Bunglebutt,2.07,14
/designs/bloom-39,BLOOM,anwarrafiee,2.55,22
/designs/t-rex-tropical-botanical-print-dusk,T Rex Tropical Botanical Print - Dusk,TheCurioTable,3.6,40
/designs/28_halloween-skeleton-scary-creepy-skull-halloween,28_Halloween Skeleton Scary Creepy Skull halloween skeleton,hungcu89nd,3.29,28
/designs/fight-like-a-anime-girl-cute-90s-anime-girl,Fight like a Anime Girl Cute 90s Anime Girl,Nieco,1.13,8
/designs/summer-cat-7,Summer Cat,FreelancerMiel,1.82,11
/designs/evil-colours,Evil-Colours,ANGRYMERL,1.5,14
/designs/ballet-10,Ballet,Sareda_arts,2.76,17
/designs/cottage-life-cowboy-farm-n-cheese,"cottage life - cowboy, farm n' cheese",SaigeArtWork,2.07,15
/designs/trapped-40,Trapped!,Crowing_Dawn,3.32,47
/designs/rest-peace,Rest & Peace,JakeEdwardLange,2.59,17
/designs/durga-ji,durga ji,gulayfather,1,8
/designs/mr-flame-bones-loves-tri-cycle,Mr. Flame Bones Loves Tri-Cycle,bournemercury,2.18,17
/designs/cats-best-friends,Cat's Best Friends,clsantos82,2.5,10
/designs/soul-searchin,Soul Searchin',JakeEdwardLange,2.89,19
/designs/butterflies-and-flowers,Butterflies and Flowers,K7Css,2.21,19
/designs/my-angel-is-always-with-me,My Angel is always with me,OlgaOsynskaya,1.8,10
/designs/cottage-garden,Cottage garden,Sunny2021,2.43,30
/designs/bicycle-punk-girl,Bicycle Punk Girl,Oneredfox,1.67,9
/designs/bike-punk-girl,Bike Punk Girl,Oneredfox,1.3,10
/designs/ice-grimm,Ice Grimm,ariazidan,1.93,15
/designs/inspire-11,Inspire,Sunny2021,2.13,16
/designs/brain-freeze-31,Brain freeze,Sunconic,2.36,11
/designs/dirty-beats,DIRTY BEATS,IAKUKi,1.88,17
/designs/bonesticks-12,Bonesticks #12,footsawtees,2.32,19
/designs/i-iam-not-friends,I IAM NOT FRIEND'S,dskyvbc,1.73,11
/designs/sue-and-shine,sue and shine,ndough,1.93,15
/designs/rubbles-of-the-mushrooms,Rubbles of the Mushrooms,markyartshop,2.52,23
/designs/sues-final-sunset,Sue’s final sunset,Sebastian2246,2.31,16
/designs/fire-skull-2,Fire Skull,Last_Ronin,2.4,15
/designs/sad-flower-girl,Sad flower girl,Hunniebee00,1.9,10
/designs/its-the-cretaceous-get-it-right,"It's the Cretaceous, get it right!",bellaballestas,2.26,19
/designs/love-wins-27,Love wins,Dhrow910,1.8,10
/designs/pile-of-bones,Pile of Bones,Moddictive,2.14,14
/designs/d274-aether-costiela,D274. Aether (Costiela),CiulloCorp,1.75,16
/designs/magical-mushroom-elephant,Magical Mushroom elephant,Sheryljain,1.42,12
/designs/tyrannosaurus-sue,Tyrannosaurus SUE,TyrantFloof,3.27,59
/designs/love-wins-26,Love wins,Dhrow910,1.89,9
/designs/death-comes-ii,DEATH COMES II,MackAttack246,2.56,18
/designs/death-comes,DEATH COMES,MackAttack246,2.35,17
/designs/caffiend-3,CafFiend,Mrrocke,1.94,17
/designs/love-wins-25,Love wins,Dhrow910,1.8,10
/designs/theropod-revolution,Theropod Revolution!,Lyrachee,2,16
/designs/skull-candy-9,Skull Candy,DailyCollection,1.64,11
/designs/passaros-cantando-no-entardecer,Passaros cantando no Entardecer,Vaniadial,1.27,11
/designs/two-birds-melody,"Two Birds, melody",Vaniadial,1.71,14
/designs/love-wins-24,Love wins,Dhrow910,1.63,8
/designs/sue-a-new-era,Sue: A New Era,KaitlinKarl,2.67,18
/designs/learn-from-coconut-trees-palm-trees,"Learn from coconut trees, palm trees",Hmrai,1.82,11
/designs/fun-guys-2,Fun-guys,doriography,2,15
/designs/birds-favorite-melody,"Birds, favorite melody",Vaniadial,1.77,13
/designs/sue-circle-bigger-2,SUE CIRCLE (bigger),karakenio,2.25,20
/designs/silhouette-of-member-bts-jhope-bts,Silhouette of member bts (jhope bts),Hmrai,1.64,11
/designs/silhouette-of-member-bts-rm-bts-2,Silhouette of member bts (rm bts),Hmrai,1.9,10
/designs/out-of-luck-2,Out Of Luck,foreshadowboxer,3,19
/designs/silhouette-of-member-bts-rm-bts,Silhouette of member bts (rm bts),Hmrai,1.8,10
/designs/cat-tree-bonsai,Cat Tree Bonsai,ppmid,3.68,41
/designs/skeleton-pirate-with-fish-and-hook-hand,Skeleton Pirate With Fish And Hook Hand,nicepunk,2.45,20
/designs/silhouette-of-member-bts-jimin-bts,Silhouette of member bts (Jimin bts),Hmrai,2.11,9
/designs/mexican-skeleton-dancing-with-maracas,Mexican Skeleton Dancing With Maracas,nicepunk,2.65,20
/designs/stay-trippy-cute-retro-aesthetic-universal-vibe-sk,Stay Trippy - Cute Retro Aesthetic - Universal Vibe - Skull,CrazyCollective,2.38,16
/designs/sue-circle-variants,SUE CIRCLE (variants),karakenio,2.58,19
/designs/sue-circle-basic-with-stroke,SUE CIRCLE basic with stroke,karakenio,3,30
/designs/wanted-2000,Wanted $2000,markyartshop,2.22,9
/designs/dolce-bananas-t-shirt,DOLCE & BANANAS T-shirt,JacobStars,2.18,11
/designs/jerk-alert,Jerk Alert,Adamraydaniels,2.2,15
/designs/mrshroom,Mr.Shroom,King9335,2.31,26
/designs/ride-or-die-27,Ride or die,dnice25,2.63,16
/designs/just-peachy-colorized,Just peachy (colorized),gamerzink357,2.07,15
/designs/just-peachy-revised,Just peachy (revised),gamerzink357,1.93,14
/designs/just-peachy-6,Just Peachy,gamerzink357,1.86,14
/designs/dream-big-74,Dream BIG,Darrenraya,2.5,10
/designs/t-rex-is-stronger-than-you,T. rex is stronger than you,Domedreamer,1.79,14
/designs/dinosaurs-dont-roar,Dinosaurs Don't Roar,Domedreamer,1.71,14
/designs/never-give-up-83,Never Give up,Dhrow910,1.67,9
/designs/attack-mode-2,attack mode,artecco,2,9
/designs/racoondouken,Racoondouken,Rusc,2.91,11
/designs/vintage-20,Vintage,alfonsoochoa,1.4,10
/designs/pug-loves-ramen,Pug Loves Ramen,kimprut,2,10
/designs/the-purple-ladies,The purple ladies,torrescesar,2.67,24
/designs/sue-ruled-the-earth,Sue Ruled the Earth,venozoic,3.16,57
/designs/coffee-makes-me-feel-less-murdery-2,Coffee Makes Me Feel Less Murdery,Surrealmist,2.92,12
/designs/hug-yourself,Hug yourself,ninhol,2.69,13
/designs/i-am-vigilant,I am Vigilant,markyartshop,1.83,12
/designs/cuteforkids-great-white-shark-branded,CuteForKids - Great White Shark (Branded),VirtualSG,1.38,8
/designs/surreal-trex,surreal trex,justduick,1.64,14
/designs/skeleton-gentleman-bartender-hipster,Skeleton Gentleman Bartender Hipster,nicepunk,2.44,18
/designs/sue-13,SUE,Gil Sansón,2.26,19
/designs/skullafull,skullafull,thebluebanana,2.72,18
/designs/straighten-your-head-kid-skeleton,Straighten Your Head Kid Skeleton,nicepunk,2,14
/designs/tyrant-queen-sue,Tyrant Queen SUE,Aram-Rex,2.76,33
/designs/own-your-inner-wild-woman-2nd-edition,Own Your Inner Wild Woman- 2nd Edition,Megan-Alice,1.5,14
/designs/bladed-kitsune,Bladed Kitsune,Katasstrophiez,2,10
/designs/gardening-bunny-princess,Gardening Bunny Princess,nicepunk,1.94,17
/designs/i-have-no-idea-what-i-m-doing-2,I have no idea what I m doing,Surrealmist,3.24,21
/designs/golden-egyptian-skull,Golden Egyptian Skull,YourWayShirts,2.35,17
/designs/i-have-no-idea-what-i-m-doing,I have no Idea What I m doing,Surrealmist,2.3,10
/designs/galactic-skull-baby,Galactic Skull Baby,RugoseKohn,2.14,14
/designs/murderbird-11,MURDERBIRD,AnirbanSarkar,1.87,15
/designs/frog-fairy-home,Frog Fairy Home,snikkai,2.06,16
/designs/love2love,#Love2Love,DojaDave,2,8
/designs/cottage-bunnies-morning,Cottage bunnies' morning,KaterynaAndArt,2.5,24
/designs/sue-the-movie,Sue The Movie,snikkai,1.86,14
/designs/all-hallows-eve-2,All Hallow's Eve,Moutchy,3.95,75
/designs/zigzag-pattern-2,Zigzag pattern,Hunniebee00,2.4,10
/designs/sue-t-rex-murderbird,Sue T-rex Murderbird,hyerdon13,1.69,13
/designs/sunset-in-the-square-frame,Sunset in the Square Frame,kooky love,3,33
/designs/learn-from-coconut-trees-palm-tree,"Learn from coconut trees, palm tree",Hmrai,1.67,9
/designs/jurassic-party,Jurassic Party,paldipaldi,2.41,22
/designs/bird-curio,Bird Curio,YourWayShirts,1.86,14
/designs/sue-the-t-rex-t-shirt-design-contest-entry,SUE the T-Rex T-Shirt Design (Contest Entry),redezra,2.69,26
/designs/i-adore-you,I adore you,Hunniebee00,1.25,8
/designs/happy-skull-living-life-in-3d,Happy skull living life in 3D,CrazyCollective,2.48,21
/designs/old-bones-2-2,Old bones 2,ArtnDesignbyJP,1.87,15
/designs/skull-island-9,skull island,Artefact3,2.42,12
/designs/sleeping-mushroom-cute-cottage-core-aesthetic-slee,Sleeping Mushroom Cute Cottage core Aesthetic Sleepy Shroom,quirkhy,2.4,20
/designs/native-head-banger,native head banger,Artefact3,2.61,23
/designs/scottish-skull,scottish skull,Artefact3,2.6,20
/designs/skull-barber,skull barber,Artefact3,2.85,20
/designs/two-wheel-move-soul,two wheel move soul,Artefact3,2.38,8
/designs/cowboy-saloon,cowboy saloon,Artefact3,2.13,8
/designs/pretty-face-3,pretty face,umashankar1986,1.78,9
/designs/sea-of-bones,Sea of Bones,Jemae,3.78,81
/designs/sue-me-6,"Sue, Me!",Abraz,2.78,36
/designs/strawberry-birthday,Strawberry Birthday,zecsans,1.8,15
/designs/ians-process,Ian's Process,Ceasar209,2.38,8
/designs/i-am-broken,I AM BR(OK)EN,kooky love,3.72,72
/designs/earth-demise,Earth Demise,zecsans,1.5,12
/designs/shout-it,Shout it,zecsans,2.12,17
/designs/love-is-the-word,Love is the word,DojaDave,2.33,9
/designs/unrecognized,Unrecognized,JeffreyMonter,1.54,13
/designs/bonetowild,BONETOWILD,HiBAY,2.41,17
/designs/cottage-2,Cottage,vermilione,2.17,24
/designs/imaginary-friend-6,Imaginary Friend,Fluorik,2.44,9
/designs/coffee-is-always-a-good-idea-funny-quote,Coffee Is Always A Good Idea Funny Quote,vnteees,2.3,10
/designs/flowers-skull-2,Flowers skull,febrianddwi,1.62,13
/designs/pink-sue,PINK SUE,EGIRIADI,2.76,21
/designs/i-believe-i-can-fly-33,I believe I can fly,diegosoldano,2.32,19
/designs/pink-trex,PINK T.REX,EGIRIADI,2.3,20
/designs/skeleton-island,Skeleton Island,TheSimpleStore,2.43,21
/designs/face-your-fear-3,Face Your Fear,spiderkw,1.67,12
/designs/bonesticks,Bonesticks,footsawtees,3.03,30
/designs/old-bones-11,Old Bones,madhu9051,2.19,16
/designs/wings-of-valkyrie-07,WINGS OF VALKYRIE - 07,SPREADWINGS,1.75,12
/designs/rib-cage-pattern,Rib Cage Pattern,Kentooth,2,11
/designs/side-by-side-2,side by side,primajendi,2.08,13
/designs/shimering-scool,Shimering SCOOL,JGTMstudio,1.86,14
/designs/life-after-death-18,Life after Death,Liodoesthings,2.47,15
/designs/night-of-the-bats-2,Night Of The Bats,TombJumper,2.47,19
/designs/earth-cant-last-forever,Earth can’t last forever,megaduel,2.44,9
/designs/mrmill-2,mr.mill,andrijaljutic,1.64,14
/designs/stoicism-summary,Stoicism Summary,Orglod,2.54,13
/designs/too-old-to-smoke,Too Old to Smoke,Temonk,2.13,16
/designs/mrmill,mr.mill,andrijaljutic,1.53,15
/designs/dangerous-larva,Dangerous Larva,Alundrart,3.25,12
/designs/the-haunted-road-02,THE HAUNTED ROAD - 02,SPREADWINGS,1.62,13
/designs/coffee-shop-co,Coffee Shop Co,markyartshop,2,9
/designs/hike-6,Hike,Oneredfox,2.4,10
/designs/incan-henchman,Incan Henchman,Alundrart,2.5,8